ticker,market_date,price,open,high,low,volume,change
ETH,12/31/2020,735.94,751.92,755.13,724.67,1.04M,-2.11%
ETH,12/30/2020,751.8,732.04,757.11,720.21,1.86M,2.74%
ETH,12/29/2020,731.76,730.26,739.77,690.24,1.82M,0.23%
ETH,12/28/2020,730.05,683.76,747.86,682.47,2.75M,6.78%
ETH,12/27/2020,683.71,636.35,715.46,627.12,2.31M,7.40%
ETH,12/26/2020,636.58,626.99,652.36,616.04,1.94M,1.54%
ETH,12/25/2020,626.93,612.38,633.9,605.01,1.70M,2.38%
ETH,12/24/2020,612.34,585.47,614.92,566.15,1.72M,4.55%
ETH,12/23/2020,585.69,637.04,638.11,554.09,2.20M,-8.12%
ETH,12/22/2020,637.47,607.86,637.47,588.24,2.12M,4.87%
ETH,12/21/2020,607.85,638.28,647.87,599.97,1.88M,-4.77%
ETH,12/20/2020,638.26,657.79,661.04,622.39,2.11M,-3.02%
ETH,12/19/2020,658.17,654.08,669.54,645.91,2.17M,0.66%
ETH,12/18/2020,653.85,643.28,664.26,630.44,2.63M,1.66%
ETH,12/17/2020,643.17,637.29,675.68,627.36,3.67M,0.91%
ETH,12/16/2020,637.38,588.81,638.18,580.9,3.11M,8.23%
ETH,12/15/2020,588.91,586.22,596.97,579.95,1.74M,0.46%
ETH,12/14/2020,586.19,590.66,591.41,576.01,1.78M,-0.83%
ETH,12/13/2020,591.09,568.07,594.83,563.37,2.03M,4.10%
ETH,12/12/2020,567.78,544.16,573.59,543.9,1.62M,4.34%
ETH,12/11/2020,544.17,558.15,560.28,536.43,30.17M,-2.50%
ETH,12/10/2020,558.13,573.28,575.56,548.99,19.60M,-2.63%
ETH,12/9/2020,573.21,554.95,577.94,530.88,9.10M,3.27%
ETH,12/8/2020,555.05,591.03,594.78,551.08,8.11M,-6.10%
ETH,12/7/2020,591.09,601.54,603.06,584.53,7.72M,-1.76%
ETH,12/6/2020,601.68,596.61,606.9,583.67,13.14M,0.84%
ETH,12/5/2020,596.68,567.84,596.73,561.24,30.83M,5.07%
ETH,12/4/2020,567.91,616.33,619.61,566.34,48.95M,-7.85%
ETH,12/3/2020,616.32,597.94,622.1,587.15,24.00M,3.06%
ETH,12/2/2020,598.05,585.69,604.34,575.24,16.21M,2.12%
ETH,12/1/2020,585.66,616.78,635.66,567.79,49.42M,-4.91%
ETH,11/30/2020,615.92,575.35,615.97,571.04,51.72M,7.03%
ETH,11/29/2020,575.45,537.89,576.52,530.71,5.79M,7.01%
ETH,11/28/2020,537.74,518.7,547.94,506.97,5.34M,3.79%
ETH,11/27/2020,518.11,519.69,530.41,494.65,6.42M,-0.23%
ETH,11/26/2020,519.32,569.69,577.08,484.03,13.11M,-8.84%
ETH,11/25/2020,569.67,605.01,605.63,555.32,14.50M,-5.84%
ETH,11/24/2020,605.03,609.2,621.7,589.56,41.11M,-0.69%
ETH,11/23/2020,609.22,559.37,610.33,551.8,49.68M,8.91%
ETH,11/22/2020,559.4,551.9,580,514.44,36.76M,1.36%
ETH,11/21/2020,551.91,509.94,552.13,505.14,26.86M,8.22%
ETH,11/20/2020,509.98,471.27,513.06,471.06,30.85M,8.23%
ETH,11/19/2020,471.21,478.55,480.55,465.41,12.53M,-1.53%
ETH,11/18/2020,478.52,482.05,495.04,459.92,18.19M,-0.71%
ETH,11/17/2020,481.95,460.37,484.59,459.74,7.93M,4.67%
ETH,11/16/2020,460.43,448.18,465.97,445.82,5.62M,2.72%
ETH,11/15/2020,448.23,460.75,462.93,440.44,9.34M,-2.71%
ETH,11/14/2020,460.7,476.38,477.34,452.6,9.17M,-3.27%
ETH,11/13/2020,476.29,462.61,477.78,457.65,9.85M,2.97%
ETH,11/12/2020,462.56,463.33,469.57,452.44,9.33M,-0.17%
ETH,11/11/2020,463.33,450.26,476.08,449.51,15.13M,2.91%
ETH,11/10/2020,450.22,444.38,454.43,439.5,20.76M,1.33%
ETH,11/9/2020,444.33,454.55,458.51,434.95,28.85M,-2.28%
ETH,11/8/2020,454.68,435.39,460.09,432.44,4.82M,4.43%
ETH,11/7/2020,435.4,455.78,467.88,425.57,7.78M,-4.46%
ETH,11/6/2020,455.72,416.59,457.79,415.08,6.53M,9.38%
ETH,11/5/2020,416.63,402.5,419.94,396.46,7.04M,3.59%
ETH,11/4/2020,402.19,388.23,407.9,377.22,6.17M,3.68%
ETH,11/3/2020,387.92,383.64,389.98,370.96,6.73M,1.14%
ETH,11/2/2020,383.53,396.45,404.04,379.13,9.43M,-3.22%
ETH,11/1/2020,396.29,386.36,397.32,384.94,5.52M,2.55%
ETH,10/31/2020,386.42,382.81,394.01,380.53,6.42M,1.05%
ETH,10/30/2020,382.41,387.16,391.98,374.36,2.81M,-1.13%
ETH,10/29/2020,386.76,388.25,393.33,381.53,3.04M,-0.35%
ETH,10/28/2020,388.14,403.11,408.1,381.51,9.96M,-3.72%
ETH,10/27/2020,403.15,393.93,409.85,390.92,6.29M,2.29%
ETH,10/26/2020,394.11,406.45,410.41,383.21,9.06M,-2.95%
ETH,10/25/2020,406.09,412.44,417.07,403.95,3.05M,-1.42%
ETH,10/24/2020,411.92,408.59,416.28,407.74,2.68M,0.83%
ETH,10/23/2020,408.52,414.12,419.11,402.91,8.18M,-1.33%
ETH,10/22/2020,414.05,391.39,420.12,391.21,12.65M,5.84%
ETH,10/21/2020,391.2,368.53,400.36,368.06,13.61M,6.20%
ETH,10/20/2020,368.35,379.03,380.14,367.16,7.46M,-2.86%
ETH,10/19/2020,379.19,377.85,383.97,372.72,6.85M,0.37%
ETH,10/18/2020,377.81,368.61,378.49,367.54,4.68M,2.49%
ETH,10/17/2020,368.63,365.08,369.94,363.18,4.98M,0.95%
ETH,10/16/2020,365.17,377.6,379.6,362.65,7.59M,-3.25%
ETH,10/15/2020,377.45,378.96,380.77,370.39,7.93M,-0.45%
ETH,10/14/2020,379.15,381.13,387.11,373.62,8.08M,-0.55%
ETH,10/13/2020,381.23,386.64,387.06,374.57,7.92M,-1.41%
ETH,10/12/2020,386.68,374.39,394.58,366.05,10.39M,3.34%
ETH,10/11/2020,374.19,370.28,377.27,369.23,5.22M,1.09%
ETH,10/10/2020,370.16,365.25,377.97,364.57,7.17M,1.34%
ETH,10/9/2020,365.28,350.71,368.19,347.82,7.85M,4.12%
ETH,10/8/2020,350.83,341.66,352.95,334.79,6.85M,2.74%
ETH,10/7/2020,341.48,340.59,342.68,334.11,5.77M,0.26%
ETH,10/6/2020,340.61,353.53,354.9,337.21,7.32M,-3.59%
ETH,10/5/2020,353.28,352.69,354.86,348.76,4.96M,0.16%
ETH,10/4/2020,352.73,345.6,353.97,344.03,4.77M,2.06%
ETH,10/3/2020,345.6,345.78,351.04,343.74,4.48M,-0.02%
ETH,10/2/2020,345.68,353.06,353.61,335.91,7.27M,-2.09%
ETH,10/1/2020,353.07,359.5,369.1,345.66,7.93M,-1.76%
ETH,9/30/2020,359.39,359.77,360.94,352.81,5.43M,-0.13%
ETH,9/29/2020,359.86,353.97,360.66,351.48,6.26M,1.63%
ETH,9/28/2020,354.08,357.42,367.63,352.57,7.77M,-0.88%
ETH,9/27/2020,357.23,354.26,362,347.51,6.35M,0.84%
ETH,9/26/2020,354.25,351.62,355.87,346.95,6.48M,0.75%
ETH,9/25/2020,351.63,349.13,357.8,338.01,8.47M,0.70%
ETH,9/24/2020,349.17,319.97,352.6,317.27,9.40M,9.13%
ETH,9/23/2020,319.95,343.96,344.12,315.54,13.88M,-7.00%
ETH,9/22/2020,344.03,341.32,346.19,336.15,9.29M,0.80%
ETH,9/21/2020,341.3,371.09,375.34,331.41,11.41M,-8.03%
ETH,9/20/2020,371.12,385.33,385.39,365.48,7.30M,-3.67%
ETH,9/19/2020,385.25,384.25,386.99,377.63,6.74M,0.27%
ETH,9/18/2020,384.2,389.37,392.21,375.81,8.95M,-1.23%
ETH,9/17/2020,388.97,364.75,393.96,363.54,12.85M,6.60%
ETH,9/16/2020,364.88,363.91,372.88,355.18,9.06M,0.24%
ETH,9/15/2020,364.01,376.7,381.67,362.4,9.06M,-3.37%
ETH,9/14/2020,376.7,365.89,383.99,357.54,10.34M,3.01%
ETH,9/13/2020,365.71,388.06,389.51,353.85,10.38M,-5.74%
ETH,9/12/2020,387.98,373.74,388.12,366.05,11.49M,3.82%
ETH,9/11/2020,373.72,367.89,374.41,356.38,12.53M,1.58%
ETH,9/10/2020,367.92,351.1,376.92,350.86,16.50M,4.79%
ETH,9/9/2020,351.1,337.46,358.33,331.12,14.07M,4.04%
ETH,9/8/2020,337.46,352.06,355.69,326.66,18.98M,-4.15%
ETH,9/7/2020,352.06,353.49,357.33,325.47,21.69M,-0.40%
ETH,9/6/2020,353.49,334.91,358.09,316.69,20.13M,5.55%
ETH,9/5/2020,334.91,385.94,394.12,314.13,35.32M,-13.22%
ETH,9/4/2020,385.94,381.97,399.58,368.22,25.20M,1.04%
ETH,9/3/2020,381.97,439.14,466.4,376.99,33.59M,-13.01%
ETH,9/2/2020,439.08,475.72,480.96,423.26,30.14M,-7.72%
ETH,9/1/2020,475.8,433.89,488.24,429.65,10.42M,9.65%
ETH,8/31/2020,433.9,428.81,438.71,418.35,7.89M,1.18%
ETH,8/30/2020,428.86,398.8,429.59,398.47,6.67M,7.54%
ETH,8/29/2020,398.8,395.32,405.53,391.97,5.23M,0.93%
ETH,8/28/2020,395.11,383.16,397.64,379.8,6.16M,3.13%
ETH,8/27/2020,383.11,385.96,396.48,372.53,7.03M,-0.74%
ETH,8/26/2020,385.96,383.16,392.61,377.63,6.69M,0.72%
ETH,8/25/2020,383.2,407.64,409.02,370.4,8.28M,-6.01%
ETH,8/24/2020,407.7,390.81,410.17,387.62,6.69M,4.40%
ETH,8/23/2020,390.5,395.56,396.96,383.42,5.36M,-1.28%
ETH,8/22/2020,395.56,388.06,396.87,379.96,6.73M,1.95%
ETH,8/21/2020,387.99,416.05,418.72,385.21,7.62M,-6.75%
ETH,8/20/2020,416.05,407.39,418.92,402.8,6.23M,2.11%
ETH,8/19/2020,407.44,422.1,426.65,394.51,8.44M,-3.49%
ETH,8/18/2020,422.16,430.63,433.65,415.45,8.18M,-1.95%
ETH,8/17/2020,430.56,433.62,444.86,420.71,7.83M,-0.71%
ETH,8/16/2020,433.63,432.22,436.58,413.22,7.02M,0.34%
ETH,8/15/2020,432.18,438.04,442.7,428.75,7.27M,-1.34%
ETH,8/14/2020,438.03,424.28,443.74,418.37,8.67M,3.23%
ETH,8/13/2020,424.31,387.15,430.33,377.57,12.04M,9.61%
ETH,8/12/2020,387.12,379.03,389.21,367.05,8.59M,2.14%
ETH,8/11/2020,379.01,395.52,398.13,367.38,9.44M,-4.18%
ETH,8/10/2020,395.53,390.22,399.05,386.45,8.01M,1.36%
ETH,8/9/2020,390.23,396.78,399.93,384.31,4.97M,-1.65%
ETH,8/8/2020,396.76,379.57,396.77,376.38,4.94M,4.53%
ETH,8/7/2020,379.57,394.8,398.14,366.44,8.34M,-3.86%
ETH,8/6/2020,394.83,400.8,403.18,391.67,7.92M,-1.49%
ETH,8/5/2020,400.79,389.62,406.92,384.84,8.74M,2.87%
ETH,8/4/2020,389.62,385.86,402.01,381.3,9.84M,0.99%
ETH,8/3/2020,385.8,372.26,397.73,368.46,9.92M,3.69%
ETH,8/2/2020,372.08,387.15,415.08,335.76,16.38M,-3.89%
ETH,8/1/2020,387.14,346.48,392.37,343.33,11.03M,11.73%
ETH,7/31/2020,346.51,334.84,349.34,329.02,8.69M,3.48%
ETH,7/30/2020,334.87,317.79,341.11,314.83,9.07M,5.36%
ETH,7/29/2020,317.82,316.95,324.93,312.64,8.72M,0.27%
ETH,7/28/2020,316.96,321.82,326.53,306.4,9.91M,-1.50%
ETH,7/27/2020,321.8,311.12,332.57,311.04,13.73M,3.43%
ETH,7/26/2020,311.13,305.32,318.54,300.33,9.19M,1.90%
ETH,7/25/2020,305.32,279.33,308.57,279.33,8.59M,9.30%
ETH,7/24/2020,279.33,275.33,287.01,268.54,7.17M,1.45%
ETH,7/23/2020,275.34,263.29,279.53,260.7,8.79M,4.58%
ETH,7/22/2020,263.28,245.54,266.42,241.89,6.68M,7.23%
ETH,7/21/2020,245.53,236.1,246.49,235.67,6.29M,3.99%
ETH,7/20/2020,236.1,239.03,239.71,234.51,5.36M,-1.22%
ETH,7/19/2020,239.01,235.72,239.7,233.35,6.61M,1.38%
ETH,7/18/2020,235.75,232.77,236.83,232.4,5.79M,1.29%
ETH,7/17/2020,232.75,233.65,234.53,231.84,5.88M,-0.39%
ETH,7/16/2020,233.65,238.62,239.47,230.44,6.63M,-2.08%
ETH,7/15/2020,238.62,240.49,241.36,237.04,7.35M,-0.78%
ETH,7/14/2020,240.5,239.75,242.08,237.21,7.07M,0.32%
ETH,7/13/2020,239.73,242.84,245.04,237.71,8.32M,-1.24%
ETH,7/12/2020,242.75,239.2,243.79,236.91,6.81M,1.48%
ETH,7/11/2020,239.2,241.21,241.64,237.76,6.42M,-0.85%
ETH,7/10/2020,241.26,242.01,242.17,236.19,6.84M,-0.32%
ETH,7/9/2020,242.02,246.93,247.63,238.28,9.02M,-2.01%
ETH,7/8/2020,246.99,239.26,248.76,238,12.98M,3.24%
ETH,7/7/2020,239.25,241.56,243.43,234.92,6.26M,-0.95%
ETH,7/6/2020,241.56,227.95,241.64,227.1,9.45M,5.96%
ETH,7/5/2020,227.98,229.09,229.8,223.79,5.41M,-0.51%
ETH,7/4/2020,229.15,225.09,230.4,224.8,5.45M,1.79%
ETH,7/3/2020,225.12,226.42,228.14,224.77,5.20M,-0.57%
ETH,7/2/2020,226.42,230.96,232.04,223.53,7.28M,-1.96%
ETH,7/1/2020,230.95,225.61,232.47,224.33,6.31M,2.36%
ETH,6/30/2020,225.63,227.88,228.57,223.23,5.60M,-0.99%
ETH,6/29/2020,227.87,225.09,229.83,221.6,6.80M,1.24%
ETH,6/28/2020,225.09,221.07,227.74,218.46,5.91M,1.82%
ETH,6/27/2020,221.06,229.72,231.3,217.11,7.21M,-3.75%
ETH,6/26/2020,229.67,232.57,233.5,228.16,6.96M,-1.24%
ETH,6/25/2020,232.56,234.75,235.29,227.99,6.48M,-0.93%
ETH,6/24/2020,234.75,243.2,249.23,231.56,9.13M,-3.47%
ETH,6/23/2020,243.2,243.24,244.77,240.94,5.16M,-0.02%
ETH,6/22/2020,243.25,228.11,246.39,227.69,7.93M,6.63%
ETH,6/21/2020,228.13,228.87,231.18,227.38,4.10M,-0.32%
ETH,6/20/2020,228.86,229.11,230.96,226.28,4.54M,-0.11%
ETH,6/19/2020,229.11,231.34,231.94,226.97,5.56M,-0.97%
ETH,6/18/2020,231.34,233.85,234.69,228.13,4.96M,-1.09%
ETH,6/17/2020,233.88,235.37,236.55,228.63,5.94M,-0.63%
ETH,6/16/2020,235.36,230.92,235.95,228.99,7.03M,1.92%
ETH,6/15/2020,230.93,231.99,233.34,219.06,10.18M,-0.47%
ETH,6/14/2020,232.02,238.23,238.48,230.52,5.78M,-2.60%
ETH,6/13/2020,238.22,237.55,238.61,234.86,5.27M,0.29%
ETH,6/12/2020,237.54,230.72,239.23,228.62,7.34M,2.96%
ETH,6/11/2020,230.71,247.79,249.77,227.01,12.40M,-6.89%
ETH,6/10/2020,247.78,243.82,249.51,242.54,7.63M,1.62%
ETH,6/9/2020,243.82,246.19,249.45,240.18,6.86M,-0.96%
ETH,6/8/2020,246.18,244.56,247.11,241.3,6.55M,0.66%
ETH,6/7/2020,244.56,242,244.94,235.44,8.10M,1.06%
ETH,6/6/2020,242,240.27,244.43,238.38,6.62M,0.73%
ETH,6/5/2020,240.23,243.37,247.5,239.7,7.75M,-1.29%
ETH,6/4/2020,243.37,244.53,246.41,236.68,8.75M,-0.47%
ETH,6/3/2020,244.52,237.9,244.76,233.84,8.15M,2.77%
ETH,6/2/2020,237.94,248.01,253.21,227.95,12.69M,-4.05%
ETH,6/1/2020,247.97,231.8,249.81,230.85,11.97M,6.97%
ETH,5/31/2020,231.81,243.63,245.33,230.31,12.43M,-4.85%
ETH,5/30/2020,243.63,220.66,246.55,218.86,14.34M,10.41%
ETH,5/29/2020,220.66,220.14,224.52,217.84,12.36M,0.21%
ETH,5/28/2020,220.18,208.2,220.33,204.79,12.51M,5.77%
ETH,5/27/2020,208.18,200.99,208.18,200.85,10.28M,3.57%
ETH,5/26/2020,201,204.13,204.9,197.3,10.44M,-1.53%
ETH,5/25/2020,204.13,199.99,205.52,198.57,10.63M,2.08%
ETH,5/24/2020,199.97,206.65,210.4,199.97,11.89M,-3.22%
ETH,5/23/2020,206.62,207.35,211.03,204.97,9.91M,-0.35%
ETH,5/22/2020,207.35,198.75,209.04,196.68,12.13M,4.33%
ETH,5/21/2020,198.75,210,211.58,192.11,14.36M,-5.35%
ETH,5/20/2020,209.99,214.52,215.28,207.03,12.19M,-2.11%
ETH,5/19/2020,214.51,214.88,215.75,209.79,13.96M,-0.17%
ETH,5/18/2020,214.87,207,217,207,17.73M,3.80%
ETH,5/17/2020,207,200.51,209.79,199.77,15.78M,3.23%
ETH,5/16/2020,200.51,194.85,203.12,193.48,15.52M,2.91%
ETH,5/15/2020,194.85,203.29,204.02,192.61,16.62M,-4.15%
ETH,5/14/2020,203.3,199.58,205.82,196.21,20.75M,1.86%
ETH,5/13/2020,199.58,189.82,200.82,188.59,17.47M,5.13%
ETH,5/12/2020,189.84,185.82,192.04,185.68,15.58M,2.09%
ETH,5/11/2020,185.96,187.77,193.26,177.43,26.74M,-0.97%
ETH,5/10/2020,187.78,210.19,210.19,180.7,35.98M,-10.68%
ETH,5/9/2020,210.22,211.47,214.5,208.83,20.90M,-0.58%
ETH,5/8/2020,211.45,212,216.44,207.25,23.08M,-0.26%
ETH,5/7/2020,212,199.05,214,197.36,26.71M,6.51%
ETH,5/6/2020,199.04,205.36,210.62,198.79,24.03M,-3.08%
ETH,5/5/2020,205.36,206.59,211.33,201.75,21.05M,-0.61%
ETH,5/4/2020,206.61,209.85,210.63,195.25,27.21M,-1.53%
ETH,5/3/2020,209.83,213.96,218.74,205.5,23.12M,-1.93%
ETH,5/2/2020,213.96,212,215.15,210.51,18.31M,0.92%
ETH,5/1/2020,212,206.23,216.99,206.06,23.08M,2.80%
ETH,4/30/2020,206.22,215.42,227.05,202.59,35.46M,-4.26%
ETH,4/29/2020,215.4,196.55,218.32,196.45,32.87M,9.59%
ETH,4/28/2020,196.55,196.13,197.51,192.47,21.81M,0.21%
ETH,4/27/2020,196.14,197.35,198.8,190.87,23.33M,-0.61%
ETH,4/26/2020,197.35,194.01,199.3,192.52,23.13M,1.72%
ETH,4/25/2020,194.01,187.57,197.35,186.03,21.87M,3.43%
ETH,4/24/2020,187.58,185.48,189.33,185.19,19.84M,1.14%
ETH,4/23/2020,185.46,182.72,192.4,178.54,28.73M,1.50%
ETH,4/22/2020,182.72,170.79,183.71,169.93,23.81M,6.99%
ETH,4/21/2020,170.79,170.37,174.48,168.31,23.63M,0.23%
ETH,4/20/2020,170.4,180.12,186.24,167.51,33.68M,-5.40%
ETH,4/19/2020,180.13,187.47,188.23,177.24,23.27M,-3.90%
ETH,4/18/2020,187.45,170.63,189.22,170.61,24.75M,9.85%
ETH,4/17/2020,170.63,172.32,174.52,168.55,20.05M,-0.97%
ETH,4/16/2020,172.31,152.9,174.28,148.91,32.99M,12.69%
ETH,4/15/2020,152.9,158.43,161.06,152.44,20.70M,-3.50%
ETH,4/14/2020,158.45,156.36,161.57,155.52,21.20M,1.33%
ETH,4/13/2020,156.38,158.76,158.85,150.6,25.30M,-1.48%
ETH,4/12/2020,158.73,158.18,164.75,155.17,22.60M,0.35%
ETH,4/11/2020,158.18,157.85,161.37,154.01,19.07M,0.20%
ETH,4/10/2020,157.86,169.67,170.1,152.52,28.35M,-6.97%
ETH,4/9/2020,169.68,173.01,173.2,165.91,20.66M,-1.92%
ETH,4/8/2020,173,164.71,174.23,163.73,24.31M,5.03%
ETH,4/7/2020,164.71,171.07,175.78,162.75,35.79M,-3.71%
ETH,4/6/2020,171.06,142.58,171.24,142.55,37.89M,19.97%
ETH,4/5/2020,142.58,144.03,145.26,140.84,18.17M,-0.99%
ETH,4/4/2020,144.01,141.13,145.71,139.36,19.75M,2.03%
ETH,4/3/2020,141.14,141.29,146.46,138.01,23.34M,-0.11%
ETH,4/2/2020,141.3,135.65,148.91,135.26,29.42M,4.16%
ETH,4/1/2020,135.66,132.88,136.56,128.93,19.45M,2.10%
ETH,3/31/2020,132.86,132.15,135.14,130.54,17.30M,0.54%
ETH,3/30/2020,132.15,125.24,134.72,125.02,20.71M,5.52%
ETH,3/29/2020,125.24,131.02,131.74,124.84,16.33M,-4.42%
ETH,3/28/2020,131.03,131.74,132.68,125.48,21.03M,-0.54%
ETH,3/27/2020,131.74,138.38,140.99,131.09,18.18M,-4.80%
ETH,3/26/2020,138.38,136.08,139.22,133.69,17.71M,1.70%
ETH,3/25/2020,136.07,138.59,141.88,133.06,24.15M,-1.84%
ETH,3/24/2020,138.62,136,142.9,132.67,27.10M,1.91%
ETH,3/23/2020,136.02,122.46,136.93,120.2,28.62M,11.12%
ETH,3/22/2020,122.41,132.59,136.86,121.37,25.25M,-7.67%
ETH,3/21/2020,132.58,133.32,137.33,126.01,27.00M,-0.56%
ETH,3/20/2020,133.32,135.43,151.85,118.07,38.74M,-1.56%
ETH,3/19/2020,135.43,117.76,141.05,115.59,33.78M,15.00%
ETH,3/18/2020,117.77,115.95,117.91,110.16,25.80M,1.47%
ETH,3/17/2020,116.06,111.06,120.6,109.67,27.09M,4.54%
ETH,3/16/2020,111.02,124.35,124.38,102.44,40.25M,-10.72%
ETH,3/15/2020,124.35,122.67,132.13,120.93,26.24M,1.35%
ETH,3/14/2020,122.69,134.02,134.58,121.27,26.83M,-8.43%
ETH,3/13/2020,133.99,107.87,138.86,88.5,60.70M,24.18%
ETH,3/12/2020,107.9,194.57,195.4,102.83,53.51M,-44.55%
ETH,3/11/2020,194.58,200.61,202.96,182.15,21.26M,-2.98%
ETH,3/10/2020,200.56,202.88,205.62,196.17,21.87M,-1.13%
ETH,3/9/2020,202.85,199.21,208.23,190.73,30.27M,1.85%
ETH,3/8/2020,199.16,237.3,237.3,196.71,24.76M,-16.08%
ETH,3/7/2020,237.32,244.87,251.55,236.87,16.90M,-3.10%
ETH,3/6/2020,244.9,228.46,244.98,227.71,17.74M,7.20%
ETH,3/5/2020,228.45,224.36,233.96,224.34,17.82M,1.81%
ETH,3/4/2020,224.38,223.94,228.66,220.74,14.65M,0.20%
ETH,3/3/2020,223.94,231.9,232.37,220.34,18.48M,-3.42%
ETH,3/2/2020,231.87,217.96,234.24,216.23,18.12M,6.37%
ETH,3/1/2020,217.99,217.51,227.44,213,17.17M,0.21%
ETH,2/29/2020,217.52,226.94,232.87,217.43,16.34M,-4.15%
ETH,2/28/2020,226.93,227.6,234.55,214.47,24.11M,-0.26%
ETH,2/27/2020,227.53,224.3,238.07,210.36,28.83M,1.44%
ETH,2/26/2020,224.3,246.97,250.05,216.39,29.55M,-9.18%
ETH,2/25/2020,246.96,265.63,266.17,245.75,20.31M,-7.04%
ETH,2/24/2020,265.65,274.72,276.81,258.15,19.96M,-3.30%
ETH,2/23/2020,274.72,261.65,275.3,261.24,16.04M,5.00%
ETH,2/22/2020,261.64,265.14,266.71,256.97,13.40M,-1.31%
ETH,2/21/2020,265.11,257.32,267.8,254.15,17.46M,3.00%
ETH,2/20/2020,257.39,259.07,264.22,246.46,22.07M,-0.67%
ETH,2/19/2020,259.12,282.33,285.75,253.88,20.76M,-8.20%
ETH,2/18/2020,282.26,267.71,285.59,259.3,24.15M,5.46%
ETH,2/17/2020,267.63,259.92,268.45,242.11,25.61M,2.94%
ETH,2/16/2020,259.99,264.87,273.81,237.89,24.82M,-1.84%
ETH,2/15/2020,264.87,285.17,287.93,262.45,22.26M,-7.15%
ETH,2/14/2020,285.25,268.71,286.34,260.78,19.99M,6.14%
ETH,2/13/2020,268.75,265.59,277.39,257.09,25.05M,1.19%
ETH,2/12/2020,265.58,236.75,274.89,236.73,23.79M,12.18%
ETH,2/11/2020,236.76,222.94,238.61,218.22,17.39M,6.19%
ETH,2/10/2020,222.95,228.61,229.28,217.02,16.50M,-2.47%
ETH,2/9/2020,228.59,223.23,230.38,223.07,14.28M,2.40%
ETH,2/8/2020,223.23,223.47,227.55,213.75,15.98M,-0.13%
ETH,2/7/2020,223.51,213.15,224.53,213.14,16.73M,4.86%
ETH,2/6/2020,213.16,203.84,216.14,201.29,16.44M,4.58%
ETH,2/5/2020,203.83,188.94,207.51,188.26,14.67M,7.89%
ETH,2/4/2020,188.93,189.8,191.48,188.93,11.56M,-0.45%
ETH,2/3/2020,189.79,188.48,194.92,187.16,11.95M,0.69%
ETH,2/2/2020,188.5,183.58,193.25,179.49,14.54M,2.65%
ETH,2/1/2020,183.64,179.88,184.17,179.36,13.24M,2.08%
ETH,1/31/2020,179.91,184.6,185.67,175.46,11.77M,-2.54%
ETH,1/30/2020,184.59,173.86,186.76,171.2,13.02M,6.17%
ETH,1/29/2020,173.86,175.78,178.41,173.76,11.27M,-1.07%
ETH,1/28/2020,175.74,170.27,176.06,170.27,12.63M,3.21%
ETH,1/27/2020,170.27,167.91,171.97,165.45,12.54M,1.41%
ETH,1/26/2020,167.9,160.4,168,159.55,9.82M,4.65%
ETH,1/25/2020,160.44,162.56,162.72,157.87,9.63M,-1.29%
ETH,1/24/2020,162.55,162.8,164.27,155.65,14.88M,-0.15%
ETH,1/23/2020,162.8,168.15,168.25,159.78,14.86M,-3.17%
ETH,1/22/2020,168.13,169.41,171.27,166.19,11.30M,-0.76%
ETH,1/21/2020,169.41,166.87,169.79,165.53,11.52M,1.52%
ETH,1/20/2020,166.87,166.92,169.24,161.61,11.30M,-0.03%
ETH,1/19/2020,166.92,174.17,177.77,162.04,15.84M,-4.17%
ETH,1/18/2020,174.19,170.18,179.29,165.34,17.42M,2.33%
ETH,1/17/2020,170.22,164.39,173.96,162.33,18.57M,3.57%
ETH,1/16/2020,164.36,166.44,167.18,159.08,16.24M,-1.26%
ETH,1/15/2020,166.45,166.07,166.45,159.74,16.66M,0.23%
ETH,1/14/2020,166.07,143.59,169.73,143.59,22.85M,15.65%
ETH,1/13/2020,143.6,146.5,146.87,142.64,10.26M,-1.95%
ETH,1/12/2020,146.46,142.65,146.46,142,10.01M,2.66%
ETH,1/11/2020,142.67,144.81,147.68,142.23,12.46M,-1.48%
ETH,1/10/2020,144.81,137.93,144.86,135.69,13.37M,4.99%
ETH,1/9/2020,137.92,140.8,141.6,135.85,11.38M,-2.05%
ETH,1/8/2020,140.81,143.01,147.55,137.61,13.71M,-1.56%
ETH,1/7/2020,143.04,144.09,145.13,139.22,13.58M,-0.73%
ETH,1/6/2020,144.08,135.59,144.27,135.17,14.36M,6.26%
ETH,1/5/2020,135.59,134.32,138.33,134.32,12.19M,0.94%
ETH,1/4/2020,134.33,134.3,135.57,132.76,11.16M,0.04%
ETH,1/3/2020,134.27,127.19,134.86,126.05,15.67M,5.56%
ETH,1/2/2020,127.19,130.75,130.77,126.74,11.45M,-2.72%
ETH,1/1/2020,130.75,129.21,132.97,128.81,10.35M,1.19%
BTC,12/31/2020,28949.4,28866.8,29298.8,28025,136.69K,0.28%
BTC,12/30/2020,28868.7,27374.5,28979.3,27374.5,159.82K,5.45%
BTC,12/29/2020,27376,27065.3,27390.7,25902.8,119.57K,1.18%
BTC,12/28/2020,27057.8,26259.2,27444.9,26144.3,126.98K,3.03%
BTC,12/27/2020,26261.3,26460.3,28360.3,25858.2,231.23K,-0.73%
BTC,12/26/2020,26454.4,24714.7,26826,24515.1,155.77K,7.15%
BTC,12/25/2020,24689.6,23728.7,24778.9,23445.3,2.40K,4.02%
BTC,12/24/2020,23736.5,23253.2,23783.7,22737.3,104.59K,2.06%
BTC,12/23/2020,23257.9,23820.8,24063.7,22694.7,178.47K,-2.37%
BTC,12/22/2020,23823.2,22730.4,23825.4,22388.6,130.75K,4.82%
BTC,12/21/2020,22728.5,23474.1,24101.9,22015.5,154.69K,-3.18%
BTC,12/20/2020,23474.9,23843.6,24280.9,23098.9,114.09K,-1.55%
BTC,12/19/2020,23844,23127.6,24107.1,22797,133.88K,3.10%
BTC,12/18/2020,23127.9,22823.3,23272.8,22361.5,131.80K,1.33%
BTC,12/17/2020,22825.4,21352.3,23738,21243.1,310.74K,6.90%
BTC,12/16/2020,21352.2,19434.7,21525.3,19299.7,199.81K,9.87%
BTC,12/15/2020,19434.9,19273.9,19556.3,19076.2,98.39K,0.84%
BTC,12/14/2020,19273.8,19176.4,19346.5,19007,67.11K,0.51%
BTC,12/13/2020,19176.8,18808.1,19403.6,18716.8,82.45K,1.96%
BTC,12/12/2020,18808.9,18026.7,18936.2,18025.1,71.37K,4.36%
BTC,12/11/2020,18023.6,18250.5,18288.3,17600.1,111.53K,-1.23%
BTC,12/10/2020,18247.2,18546.1,18551.8,17926.8,85.31K,-1.61%
BTC,12/9/2020,18546,18322.4,18637.9,17658.8,129.72K,1.20%
BTC,12/8/2020,18326.6,19170.8,19288.6,18229.2,101.41K,-4.40%
BTC,12/7/2020,19170.7,19368.4,19424.6,18908.8,61.98K,-1.08%
BTC,12/6/2020,19379.9,19146,19417.1,18873,54.56K,1.22%
BTC,12/5/2020,19146.5,18657.5,19172.7,18507.1,59.44K,2.62%
BTC,12/4/2020,18658.1,19431.1,19529.5,18610.8,110.63K,-3.99%
BTC,12/3/2020,19433.3,19219.8,19596.6,18883.7,99.97K,1.12%
BTC,12/2/2020,19218.8,18767.9,19335.5,18346.7,91.92K,2.39%
BTC,12/1/2020,18770.7,19697.8,19897.4,18257,208.72K,-4.71%
BTC,11/30/2020,19698.1,18186,19831.2,18186,185.59K,8.32%
BTC,11/29/2020,18185.5,17729.7,18336.3,17530.4,79.12K,2.57%
BTC,11/28/2020,17730.7,17142.6,17874.4,16874.4,95.20K,3.52%
BTC,11/27/2020,17127.1,17160.9,17450.3,16481.6,138.80K,-0.20%
BTC,11/26/2020,17162,18721.9,18894.9,16235.2,312.07K,-8.34%
BTC,11/25/2020,18723,19151.5,19486.7,18527.7,146.12K,-2.24%
BTC,11/24/2020,19152.6,18394.6,19416.6,18074.8,180.79K,4.21%
BTC,11/23/2020,18379.6,18428.1,18756.8,18016,127.35K,-0.18%
BTC,11/22/2020,18412.9,18689.3,18751.5,17644.6,121.76K,-1.47%
BTC,11/21/2020,18687.2,18673.8,18966,18397.5,108.91K,0.06%
BTC,11/20/2020,18675.2,17805.5,18811,17758.4,134.42K,4.90%
BTC,11/19/2020,17803.5,17775.1,18166,17380.1,135.94K,0.16%
BTC,11/18/2020,17774.6,17662.3,18466.1,17258.9,233.43K,0.64%
BTC,11/17/2020,17662.3,16715.8,17845.4,16562,175.87K,5.66%
BTC,11/16/2020,16715.8,15954.1,16880.7,15870.7,118.09K,4.78%
BTC,11/15/2020,15953,16074.7,16158.1,15782.3,58.43K,-0.73%
BTC,11/14/2020,16071,16323.1,16328.2,15717.7,83.64K,-1.55%
BTC,11/13/2020,16324.2,16293,16474.1,15973.4,113.75K,0.18%
BTC,11/12/2020,16294.7,15695.8,16342.7,15483.5,165.54K,3.82%
BTC,11/11/2020,15695.8,15303.1,15953.9,15281,119.07K,2.56%
BTC,11/10/2020,15303.6,15328,15465.3,15096.5,93.36K,-0.15%
BTC,11/9/2020,15327.2,15483.3,15819.6,14816.9,165.04K,-1.01%
BTC,11/8/2020,15483.7,14826.6,15648.3,14720.7,94.99K,4.42%
BTC,11/7/2020,14828.4,15578.2,15754.4,14385.1,160.73K,-4.81%
BTC,11/6/2020,15577.9,15593.9,15955.2,15223.5,186.13K,-0.06%
BTC,11/5/2020,15587.1,14145.6,15739.9,14099.7,227.49K,10.19%
BTC,11/4/2020,14145.6,14023,14238.8,13544.4,140.80K,0.90%
BTC,11/3/2020,14019.9,13560.5,14054,13294.6,108.17K,3.38%
BTC,11/2/2020,13561.4,13759.7,13828.4,13214.2,97.76K,-1.44%
BTC,11/1/2020,13759.4,13795.5,13889.5,13628.7,51.71K,-0.27%
BTC,10/31/2020,13797.3,13560.2,14065.4,13441.7,102.75K,1.75%
BTC,10/30/2020,13559.9,13457,13667.9,13134.5,108.77K,0.76%
BTC,10/29/2020,13457.2,13278.3,13640,12982.9,111.23K,1.34%
BTC,10/28/2020,13278.9,13658.3,13851.7,12907.6,144.18K,-2.77%
BTC,10/27/2020,13657.8,13061.5,13782.3,13050.3,128.64K,4.56%
BTC,10/26/2020,13061.6,13033,13229.7,12792.4,89.47K,0.23%
BTC,10/25/2020,13032.2,13117,13345.3,12900.4,59.73K,-0.65%
BTC,10/24/2020,13117.2,12933.6,13161.5,12876.4,51.20K,1.42%
BTC,10/23/2020,12934.1,12972.7,13025.5,12738.9,73.94K,-0.31%
BTC,10/22/2020,12974.6,12805.5,13183.9,12698.2,113.31K,1.30%
BTC,10/21/2020,12808.7,11913.6,13213.5,11894.6,197.72K,7.51%
BTC,10/20/2020,11913.5,11753.9,12029.4,11685.7,94.59K,1.36%
BTC,10/19/2020,11753.4,11507.1,11823.3,11413.9,73.04K,2.14%
BTC,10/18/2020,11506.9,11362.1,11506.9,11349.8,31.51K,1.27%
BTC,10/17/2020,11362.1,11321.8,11402.7,11274.4,29.86K,0.35%
BTC,10/16/2020,11322,11503.2,11542.2,11224.6,71.42K,-1.57%
BTC,10/15/2020,11503,11421.4,11590.9,11276.7,70.84K,0.72%
BTC,10/14/2020,11420.4,11424.4,11541,11293.5,59.12K,-0.03%
BTC,10/13/2020,11423.8,11533.5,11558,11315.9,64.67K,-0.95%
BTC,10/12/2020,11533.9,11370.8,11715.9,11227.4,84.02K,1.43%
BTC,10/11/2020,11371,11295.6,11439.4,11277.6,41.06K,0.64%
BTC,10/10/2020,11298.4,11053.5,11475,11053.1,65.81K,2.21%
BTC,10/9/2020,11054.2,10923.5,11103,10836.9,70.95K,1.19%
BTC,10/8/2020,10924.1,10670.7,10948.6,10549.6,79.78K,2.37%
BTC,10/7/2020,10670.9,10601,10680.1,10553.3,49.27K,0.64%
BTC,10/6/2020,10602.6,10790.2,10800.3,10530.8,69.07K,-1.73%
BTC,10/5/2020,10789.5,10672.5,10789.6,10623.4,48.86K,1.09%
BTC,10/4/2020,10672.9,10544.4,10693.3,10520.8,31.40K,1.22%
BTC,10/3/2020,10544.2,10572.2,10597.8,10501.2,29.10K,-0.27%
BTC,10/2/2020,10572.3,10619.6,10662.9,10387.6,77.94K,-0.45%
BTC,10/1/2020,10620.5,10776.6,10913.7,10462.7,95.33K,-1.44%
BTC,9/30/2020,10776.1,10843.4,10847.7,10667.6,55.55K,-0.60%
BTC,9/29/2020,10840.9,10694.3,10858.4,10642.4,59.64K,1.38%
BTC,9/28/2020,10693.2,10776.4,10946.6,10685.2,72.29K,-0.77%
BTC,9/27/2020,10776.2,10727.9,10799.2,10602.7,40.92K,0.45%
BTC,9/26/2020,10727.9,10688.9,10793.3,10650.2,37.85K,0.37%
BTC,9/25/2020,10688.8,10739.9,10756,10558.9,71.43K,-0.47%
BTC,9/24/2020,10739.4,10238.1,10787.8,10201,82.95K,4.90%
BTC,9/23/2020,10237.3,10531.5,10535.4,10146.6,74.95K,-2.79%
BTC,9/22/2020,10531.5,10419.4,10570.7,10361.7,63.52K,1.10%
BTC,9/21/2020,10416.8,10919.9,10987.2,10328.5,109.85K,-4.62%
BTC,9/20/2020,10921.5,11081.6,11081.6,10772.7,53.39K,-1.45%
BTC,9/19/2020,11081.8,10933,11177.1,10890.7,51.63K,1.36%
BTC,9/18/2020,10933,10941.3,11029.7,10818.7,63.48K,-0.08%
BTC,9/17/2020,10941.3,10950.1,11039.3,10755.2,77.22K,-0.07%
BTC,9/16/2020,10949.5,10785.2,11093.3,10669.2,94.94K,1.52%
BTC,9/15/2020,10785.3,10675.2,10931.8,10627.8,91.70K,1.03%
BTC,9/14/2020,10675.3,10332.7,10744.3,10264.5,96.64K,3.38%
BTC,9/13/2020,10326,10441.7,10579.6,10219.4,66.12K,-1.11%
BTC,9/12/2020,10441.9,10390.2,10476.8,10275.9,48.49K,0.50%
BTC,9/11/2020,10390.2,10339.8,10398.8,10212.6,62.28K,0.49%
BTC,9/10/2020,10339.7,10224.3,10480.3,10219.2,88.01K,1.13%
BTC,9/9/2020,10224.6,10126.8,10343.3,9984.6,71.37K,0.97%
BTC,9/8/2020,10126.6,10376.9,10434.4,9877.1,113.90K,-2.41%
BTC,9/7/2020,10376.9,10296.4,10400.9,9887,12.40M,0.78%
BTC,9/6/2020,10296.4,10092.2,10337.7,10004.7,12.12M,2.02%
BTC,9/5/2020,10092.2,10472.3,10558.7,9897.8,14.72M,-3.63%
BTC,9/4/2020,10472.5,10168.7,10614.2,9960.3,12.50M,2.99%
BTC,9/3/2020,10168.8,11413.2,11442.7,10009.5,9.65M,-10.90%
BTC,9/2/2020,11413.3,11914.4,11947.5,11244.9,20.26M,-4.21%
BTC,9/1/2020,11914.9,11644.2,12045.9,11544.6,580.69K,2.32%
BTC,8/31/2020,11644.2,11701.1,11760.2,11563.8,496.14K,-0.49%
BTC,8/30/2020,11702,11468.1,11704.2,11462.6,409.36K,2.04%
BTC,8/29/2020,11468.1,11527.8,11576.8,11433.5,389.85K,-0.51%
BTC,8/28/2020,11527.4,11327.5,11539,11281.9,464.94K,1.77%
BTC,8/27/2020,11327.4,11462.3,11580.3,11135.3,560.59K,-1.18%
BTC,8/26/2020,11462.3,11324.9,11533.6,11254.6,513.06K,1.21%
BTC,8/25/2020,11324.8,11752.9,11766.9,11131,594.07K,-3.65%
BTC,8/24/2020,11753.5,11641.6,11824.6,11587.1,429.13K,0.96%
BTC,8/23/2020,11641.6,11661.1,11705.4,11520.8,377.33K,-0.17%
BTC,8/22/2020,11661.3,11529.2,11677,11382.1,433.98K,1.15%
BTC,8/21/2020,11529.2,11856.9,11877.4,11495.6,506.38K,-2.76%
BTC,8/20/2020,11856.9,11751,11881,11672.7,430.93K,0.91%
BTC,8/19/2020,11750.2,11944.4,12013.2,11602.6,550.26K,-1.65%
BTC,8/18/2020,11947.6,12283,12381.4,11842,606.79K,-2.73%
BTC,8/17/2020,12282.6,11898.8,12444.1,11764,628.41K,3.22%
BTC,8/16/2020,11899,11845.5,11922.5,11688.9,410.81K,0.45%
BTC,8/15/2020,11845.3,11751.1,11964,11711.5,499.10K,0.80%
BTC,8/14/2020,11750.8,11771.1,11835.5,11651.5,435.44K,-0.17%
BTC,8/13/2020,11770.9,11557.2,11772.9,11298.4,545.67K,1.85%
BTC,8/12/2020,11557.2,11390.4,11605.4,11190.6,549.59K,1.46%
BTC,8/11/2020,11390.4,11889.2,11931.8,11146.7,615.90K,-4.19%
BTC,8/10/2020,11889.2,11681.1,12041.1,11546.9,564.11K,1.78%
BTC,8/9/2020,11681.2,11764.4,11792.8,11527.5,303.00K,-0.71%
BTC,8/8/2020,11764.3,11591.6,11805.5,11533.5,317.06K,1.49%
BTC,8/7/2020,11592,11757.1,11901.8,11352.4,517.00K,-1.40%
BTC,8/6/2020,11757.1,11735,11898.4,11563,554.85K,0.19%
BTC,8/5/2020,11735.1,11184.8,11771.5,11114.5,570.83K,4.92%
BTC,8/4/2020,11184.7,11223.8,11407.8,11043,485.79K,-0.35%
BTC,8/3/2020,11224.4,11066.9,11461.1,10981.6,470.24K,1.42%
BTC,8/2/2020,11066.8,11802.6,12061.1,10730.7,647.95K,-6.24%
BTC,8/1/2020,11803.1,11333.2,11847.7,11226.1,611.47K,4.14%
BTC,7/31/2020,11333.4,11096.5,11434.8,10964.6,530.95K,2.14%
BTC,7/30/2020,11096.2,11105.8,11164.4,10861.6,501.14K,-0.09%
BTC,7/29/2020,11105.9,10908.4,11336.5,10771.8,576.83K,1.81%
BTC,7/28/2020,10908.5,10961.1,11046.1,10873.6,658.37K,-1.04%
BTC,7/27/2020,11022.8,9932.7,11367,9894.6,908.99K,10.98%
BTC,7/26/2020,9932.5,9690,10086.6,9645.9,415.07K,2.35%
BTC,7/25/2020,9704.1,9546.7,9729.3,9536.2,306.29K,1.65%
BTC,7/24/2020,9546.4,9599.2,9626.2,9480.5,359.16K,-0.55%
BTC,7/23/2020,9599.6,9513.6,9646.5,9451.1,425.66K,0.90%
BTC,7/22/2020,9513.7,9387.4,9523.1,9296,386.00K,1.35%
BTC,7/21/2020,9387.3,9162.3,9426.9,9155.1,458.99K,2.46%
BTC,7/20/2020,9162.4,9208.1,9218.4,9139.9,312.98K,-0.50%
BTC,7/19/2020,9208,9170.1,9224.8,9106.4,265.25K,0.41%
BTC,7/18/2020,9170.2,9155.8,9198.8,9126.7,276.40K,0.16%
BTC,7/17/2020,9155.8,9135.4,9181.9,9091.5,310.92K,0.22%
BTC,7/16/2020,9135.3,9198.7,9224.2,9052,429.04K,-0.69%
BTC,7/15/2020,9198.7,9253.6,9270.2,9168.7,429.84K,-0.59%
BTC,7/14/2020,9253.4,9243.1,9274.8,9135.7,453.83K,0.11%
BTC,7/13/2020,9243.6,9300.5,9329.6,9207.6,456.87K,-0.62%
BTC,7/12/2020,9300.8,9234.2,9337.8,9170.4,366.88K,0.73%
BTC,7/11/2020,9233.3,9285.8,9295.5,9184.2,353.92K,-0.56%
BTC,7/10/2020,9285.1,9239,9309.8,9131.9,418.47K,0.53%
BTC,7/9/2020,9235.7,9430.1,9434.5,9176,444.27K,-2.06%
BTC,7/8/2020,9429.9,9256.3,9458.3,9233.1,509.94K,1.88%
BTC,7/7/2020,9256,9338.8,9371.2,9209.3,420.55K,-0.89%
BTC,7/6/2020,9339,9080.4,9363,9063.2,510.27K,2.84%
BTC,7/5/2020,9081,9134.3,9149.6,8932.1,314.10K,-0.58%
BTC,7/4/2020,9134.4,9067.1,9182.3,9049.6,261.25K,0.74%
BTC,7/3/2020,9067.1,9085,9120.4,9050.9,333.88K,-0.20%
BTC,7/2/2020,9085.1,9229.9,9259.7,8962.1,483.10K,-1.57%
BTC,7/1/2020,9229.9,9135.9,9289,9101.1,366.78K,1.03%
BTC,6/30/2020,9135.4,9186,9199.8,9075.3,381.73K,-0.54%
BTC,6/29/2020,9185.4,9122.8,9229.1,9033.6,401.12K,0.67%
BTC,6/28/2020,9124,9008.4,9185.5,8950.2,329.01K,1.28%
BTC,6/27/2020,9008.3,9160.5,9190.5,8865.3,441.93K,-1.66%
BTC,6/26/2020,9160,9247.5,9296.5,9060.1,489.84K,-0.95%
BTC,6/25/2020,9247.5,9300.8,9327.3,9022.6,524.45K,-0.59%
BTC,6/24/2020,9302,9624.6,9667.4,9223,515.78K,-3.35%
BTC,6/23/2020,9624.6,9683.9,9715.6,9581.8,375.49K,-0.61%
BTC,6/22/2020,9683.7,9296.5,9751.9,9285.8,523.32K,4.17%
BTC,6/21/2020,9296.4,9358.8,9411.2,9288.5,335.99K,-0.67%
BTC,6/20/2020,9358.8,9314,9394.5,9199.8,383.44K,0.48%
BTC,6/19/2020,9314,9390.3,9424,9249.6,478.49K,-0.79%
BTC,6/18/2020,9388.1,9464.6,9480.4,9289.3,391.67K,-0.81%
BTC,6/17/2020,9464.6,9523.6,9543.6,9258.2,446.45K,-0.62%
BTC,6/16/2020,9523.5,9425.6,9577.1,9379.3,545.47K,1.04%
BTC,6/15/2020,9425.4,9345.5,9489.7,8925.6,750.90K,0.86%
BTC,6/14/2020,9345.3,9470.7,9474.7,9264.4,311.27K,-1.33%
BTC,6/13/2020,9471.3,9466.5,9484.9,9369.9,364.97K,0.05%
BTC,6/12/2020,9466.6,9283.7,9547.5,9249.4,529.28K,1.97%
BTC,6/11/2020,9283.2,9878.9,9945.2,9139.1,919.30K,-6.03%
BTC,6/10/2020,9878.8,9768.8,9970.9,9710.7,533.55K,1.13%
BTC,6/9/2020,9768.8,9777.7,9857.2,9616.6,479.55K,-0.09%
BTC,6/8/2020,9777.9,9743.4,9788.2,9662.3,431.04K,0.36%
BTC,6/7/2020,9742.6,9669.6,9791.8,9417.4,549.20K,0.76%
BTC,6/6/2020,9669.6,9630.8,9733.1,9549.5,370.85K,0.40%
BTC,6/5/2020,9631.2,9794,9846.1,9628.7,527.05K,-1.67%
BTC,6/4/2020,9794.4,9667.2,9864.4,9490.9,593.66K,1.32%
BTC,6/3/2020,9667.2,9527,9667.2,9421.7,558.12K,1.47%
BTC,6/2/2020,9527.6,10190.7,10207.3,9347.3,1.06M,-6.49%
BTC,6/1/2020,10189.3,9454.5,10301.8,9429.7,796.68K,7.77%
BTC,5/31/2020,9454.8,9692.9,9695.6,9406.2,645.27K,-2.45%
BTC,5/30/2020,9692.5,9424.8,9729.9,9352.7,720.62K,2.84%
BTC,5/29/2020,9424.8,9573.4,9596.5,9358.1,814.33K,-1.54%
BTC,5/28/2020,9572.2,9199.8,9610.8,9119.2,948.86K,4.06%
BTC,5/27/2020,9199.1,8842.3,9210.9,8818.6,810.89K,4.03%
BTC,5/26/2020,8842.5,8897.7,8994.6,8713.9,784.92K,-0.63%
BTC,5/25/2020,8898.2,8728,8959.5,8666.1,941.89K,1.95%
BTC,5/24/2020,8728.2,9177.9,9292,8724.1,1.11M,-4.89%
BTC,5/23/2020,9177,9169.8,9303.2,9098.9,812.56K,0.08%
BTC,5/22/2020,9169.7,9058.2,9253.5,8952.1,914.59K,1.22%
BTC,5/21/2020,9059,9511.6,9567.1,8833.6,1.41M,-4.76%
BTC,5/20/2020,9512.3,9773,9829.3,9368.4,1.15M,-2.67%
BTC,5/19/2020,9773.3,9730.8,9883.9,9498.7,1.16M,0.44%
BTC,5/18/2020,9730.7,9678.4,9930.2,9524.4,1.18M,0.55%
BTC,5/17/2020,9677.7,9376.6,9866,9327.8,1.18M,3.18%
BTC,5/16/2020,9379.5,9318.1,9579,9233,1.10M,0.66%
BTC,5/15/2020,9318,9778.6,9819.6,9223.2,1.56M,-4.71%
BTC,5/14/2020,9778.4,9298.7,9887.5,9265.8,1.77M,5.16%
BTC,5/13/2020,9298.7,8813.9,9384.6,8799.1,1.50M,5.50%
BTC,5/12/2020,8813.8,8569.8,8964.5,8542.8,1.35M,2.73%
BTC,5/11/2020,8579.8,8737.6,9129.6,8235.6,2.29M,-1.82%
BTC,5/10/2020,8738.8,9553.9,9569.4,8259.3,2.47M,-8.54%
BTC,5/9/2020,9554.6,9806,9910.5,9533.6,1.49M,-2.57%
BTC,5/8/2020,9806.2,9980.1,10018.2,9731.4,1.42M,-1.74%
BTC,5/7/2020,9979.8,9152.7,10033,9064.8,1.91M,9.05%
BTC,5/6/2020,9151.4,9000.6,9373.7,8923.6,1.62M,1.67%
BTC,5/5/2020,9001,8874.2,9078.7,8800.4,1.05M,1.42%
BTC,5/4/2020,8874.7,8885.5,8945.5,8553.2,1.12M,-0.12%
BTC,5/3/2020,8885.5,8966.2,9169.9,8742.2,1.15M,-0.90%
BTC,5/2/2020,8966.3,8821.6,8986.2,8771.3,890.34K,1.64%
BTC,5/1/2020,8821.6,8628.6,9040.3,8621,1.11M,2.23%
BTC,4/30/2020,8629,8770.6,9437.5,8425.5,2.04M,-1.62%
BTC,4/29/2020,8770.9,7746.7,8918.5,7729.7,1.83M,13.22%
BTC,4/28/2020,7746.9,7766,7770.1,7655.3,808.09K,-0.25%
BTC,4/27/2020,7766,7679.4,7768.5,7637.7,980.50K,1.13%
BTC,4/26/2020,7678.9,7540.4,7679.4,7520.5,921.59K,1.84%
BTC,4/25/2020,7540.4,7503.9,7684.6,7451,861.93K,0.49%
BTC,4/24/2020,7503.8,7491.3,7583.5,7423.5,951.95K,0.20%
BTC,4/23/2020,7488.5,7112.8,7655.4,7036.5,1.34M,5.28%
BTC,4/22/2020,7112.9,6842.5,7137.4,6821.8,914.18K,3.95%
BTC,4/21/2020,6842.5,6833.4,6919.3,6774.3,892.57K,0.13%
BTC,4/20/2020,6833.5,7122.9,7207.5,6771.2,1.26M,-4.06%
BTC,4/19/2020,7122.9,7230.9,7238,7079.1,5.93M,-1.49%
BTC,4/18/2020,7230.8,7035.9,7259.4,7031.5,796.45K,2.77%
BTC,4/17/2020,7035.8,7085.5,7142.8,7005.8,810.10K,-0.70%
BTC,4/16/2020,7085.6,6629.1,7159.7,6520.5,1.54M,6.89%
BTC,4/15/2020,6629.1,6851.3,6929.5,6615.9,1.00M,-3.24%
BTC,4/14/2020,6850.9,6841.8,6970.8,6768.6,999.53K,0.14%
BTC,4/13/2020,6841.3,6918.1,6920.3,6618.5,1.25M,-1.10%
BTC,4/12/2020,6917.6,6867.9,7158.8,6785.1,1.10M,0.73%
BTC,4/11/2020,6867.8,6862.7,6931.4,6765.1,845.58K,0.07%
BTC,4/10/2020,6863.1,7289,7294.4,6756.1,1.37M,-5.84%
BTC,4/9/2020,7289,7361.1,7361.1,7140.3,963.55K,-0.98%
BTC,4/8/2020,7361.2,7185.6,7396.1,7153.1,983.94K,2.45%
BTC,4/7/2020,7185.2,7332.3,7440.3,7101.7,1.32M,-2.01%
BTC,4/6/2020,7332.3,6772.8,7335,6770.1,1.53M,8.26%
BTC,4/5/2020,6772.7,6857.5,6889.4,6686,842.33K,-1.23%
BTC,4/4/2020,6857.4,6735.9,6958.6,6679.1,1.05M,1.80%
BTC,4/3/2020,6735.9,6799.9,7026.3,6623.6,1.35M,-0.95%
BTC,4/2/2020,6800.5,6638.8,7182.7,6567.9,1.74M,2.44%
BTC,4/1/2020,6638.5,6412.4,6661.3,6157.4,1.40M,3.52%
BTC,3/31/2020,6412.5,6391.1,6513.1,6346.3,1.05M,0.34%
BTC,3/30/2020,6391,5890.4,6576.5,5872.5,1.43M,8.50%
BTC,3/29/2020,5890.4,6233.2,6258.8,5889.3,916.17K,-5.51%
BTC,3/28/2020,6233.7,6373.4,6374.3,6046.5,1.26M,-2.19%
BTC,3/27/2020,6373.4,6725.5,6813.7,6322.3,1.16M,-5.23%
BTC,3/26/2020,6725.1,6677.9,6772.9,6541.7,1.18M,0.69%
BTC,3/25/2020,6678.9,6744.8,6930.2,6474.6,1.52M,-0.97%
BTC,3/24/2020,6744.6,6468.8,6814.2,6380.8,1.73M,4.26%
BTC,3/23/2020,6468.9,5822,6564.7,5710.8,1.88M,11.11%
BTC,3/22/2020,5822.1,6186.9,6394.4,5771.2,1.48M,-5.89%
BTC,3/21/2020,6186.2,6205.6,6438.3,5887,1.64M,-0.31%
BTC,3/20/2020,6205.3,6171.6,6858.1,5748.2,2.22M,0.54%
BTC,3/19/2020,6172,5359.2,6379.5,5256,2.18M,15.12%
BTC,3/18/2020,5361.4,5260.7,5373.1,5020.9,1.80M,1.91%
BTC,3/17/2020,5261.1,5030.2,5432.8,4946.5,1.89M,4.59%
BTC,3/16/2020,5030,5366.4,5369.3,4477.7,2.55M,-6.27%
BTC,3/15/2020,5366.3,5182.9,5863.3,5120.6,1.61M,3.54%
BTC,3/14/2020,5182.7,5589.4,5634.9,5072.2,1.69M,-7.19%
BTC,3/13/2020,5584.3,4815.2,5934.3,3869.5,4.17M,15.71%
BTC,3/12/2020,4826,7935.2,7963.1,4546.6,3.22M,-39.18%
BTC,3/11/2020,7935.1,7892.1,7976.5,7606,1.10M,0.56%
BTC,3/10/2020,7891.2,7933,8145.5,7740.2,1.20M,-0.53%
BTC,3/9/2020,7933,8035.8,8158.8,7648.7,1.54M,-1.26%
BTC,3/8/2020,8034.1,8887.8,8888,8015.3,1.11M,-9.61%
BTC,3/7/2020,8887.8,9134.2,9180.8,8848.7,750.65K,-2.70%
BTC,3/6/2020,9134.8,9060.6,9165.2,9004.9,1.04M,0.82%
BTC,3/5/2020,9060.3,8757.9,9147.3,8751.5,950.76K,3.45%
BTC,3/4/2020,8757.9,8761.3,8840.3,8679.7,759.69K,-0.04%
BTC,3/3/2020,8761.4,8906.1,8911.7,8669.3,1.01M,-1.61%
BTC,3/2/2020,8904.8,8537.5,8961.8,8503.1,1.02M,4.27%
BTC,3/1/2020,8540,8543.8,8737.2,8437.2,784.05K,-0.04%
BTC,2/29/2020,8543.7,8697.1,8793.7,8539.8,683.44K,-1.77%
BTC,2/28/2020,8697.5,8820.1,8898.7,8451.9,1.08M,-1.37%
BTC,2/27/2020,8818.6,8800.1,8968.3,8538.5,1.13M,0.21%
BTC,2/26/2020,8800.3,9317.1,9368.1,8672,1.32M,-5.55%
BTC,2/25/2020,9317.2,9662.6,9672.3,9269.8,937.97K,-3.57%
BTC,2/24/2020,9662.7,9943.2,9981,9507,980.00K,-2.82%
BTC,2/23/2020,9942.7,9655.6,9965.6,9653.4,775.88K,2.97%
BTC,2/22/2020,9655.7,9684.5,9706.5,9569.8,589.88K,-0.30%
BTC,2/21/2020,9684.5,9602.2,9747.1,9574.5,716.61K,0.85%
BTC,2/20/2020,9602.4,9611.9,9681.4,9448.9,870.80K,-0.07%
BTC,2/19/2020,9609.4,10158.6,10230.9,9424.3,905.95K,-5.40%
BTC,2/18/2020,10158.4,9701.5,10230.1,9601.6,945.91K,4.71%
BTC,2/17/2020,9701.4,9931.7,9951.5,9468.9,961.88K,-2.32%
BTC,2/16/2020,9932.3,9907.4,10056.4,9654.9,808.91K,0.25%
BTC,2/15/2020,9907.7,10336,10369.8,9831.7,808.81K,-4.12%
BTC,2/14/2020,10333,10235.5,10372.4,10125.2,732.51K,0.96%
BTC,2/13/2020,10235.1,10321.9,10482.6,10116.9,940.30K,-0.80%
BTC,2/12/2020,10317.7,10229.3,10435.6,10229.3,803.25K,0.86%
BTC,2/11/2020,10229.5,9854,10314.1,9725.1,791.28K,3.81%
BTC,2/10/2020,9854.1,10151.5,10181.7,9774.8,781.22K,-2.93%
BTC,2/9/2020,10151.5,9895.4,10157.1,9882.7,617.35K,2.59%
BTC,2/8/2020,9895.5,9817.3,9931.2,9673.2,551.31K,0.78%
BTC,2/7/2020,9818.6,9771.9,9872.5,9738.7,608.96K,0.48%
BTC,2/6/2020,9772,9611.8,9854.9,9536.1,778.67K,1.67%
BTC,2/5/2020,9611.8,9194.1,9726.8,9179.9,771.46K,4.54%
BTC,2/4/2020,9193.9,9296.5,9347.5,9193.9,651.68K,-1.10%
BTC,2/3/2020,9296.6,9334.6,9582.8,9243.1,701.39K,-0.41%
BTC,2/2/2020,9334.9,9381.5,9465.4,9183.1,683.37K,-0.50%
BTC,2/1/2020,9381.6,9349.3,9458.8,9301.5,458.42K,0.35%
BTC,1/31/2020,9349.1,9508.3,9525,9222.3,633.37K,-1.66%
BTC,1/30/2020,9507.3,9299.1,9569,9209.2,765.21K,2.24%
BTC,1/29/2020,9298.9,9377.3,9428.7,9250.9,749.88K,-0.84%
BTC,1/28/2020,9377.3,8866.6,9389.5,8866.6,954.20K,5.76%
BTC,1/27/2020,8866.6,8608.1,8983.1,8585.6,706.45K,3.01%
BTC,1/26/2020,8607.8,8341.6,8607.8,8304.9,468.34K,3.19%
BTC,1/25/2020,8341.6,8439.9,8447.6,8277.2,444.00K,-1.17%
BTC,1/24/2020,8439.9,8404.9,8522,8242.6,617.02K,0.41%
BTC,1/23/2020,8405.1,8678.5,8687.3,8309.6,722.67K,-3.15%
BTC,1/22/2020,8678.5,8733,8805.4,8610.8,509.06K,-0.62%
BTC,1/21/2020,8732.6,8642,8770.3,8524,540.20K,1.05%
BTC,1/20/2020,8641.9,8705.7,8740.1,8539.2,599.06K,-0.74%
BTC,1/19/2020,8706.2,8916.3,9183.7,8552.8,975.01K,-2.36%
BTC,1/18/2020,8916.3,8913,8982.3,8814.6,627.74K,0.04%
BTC,1/17/2020,8913.1,8726.7,9005.1,8675.9,794.11K,2.13%
BTC,1/16/2020,8726.9,8818.1,8850,8605.8,748.32K,-1.04%
BTC,1/15/2020,8818.3,8827.9,8904,8615.5,1.17M,-0.12%
BTC,1/14/2020,8829.2,8111.2,8898.7,8111.2,1.48M,8.85%
BTC,1/13/2020,8111.4,8188.3,8196.7,8068.4,610.66K,-0.93%
BTC,1/12/2020,8187.6,8023.3,8189.9,7973.1,595.22K,2.04%
BTC,1/11/2020,8024.1,8187.8,8262.9,8008.4,776.75K,-1.99%
BTC,1/10/2020,8187.1,7842.5,8187.4,7697.7,1.05M,4.40%
BTC,1/9/2020,7842.4,8060,8065.9,7779.2,786.50K,-2.70%
BTC,1/8/2020,8059.6,8154.2,8436.4,7900.8,1.19M,-1.18%
BTC,1/7/2020,8155.7,7759.1,8182,7754.1,1.01M,5.11%
BTC,1/6/2020,7759.1,7372.6,7783.1,7366.7,786.75K,5.24%
BTC,1/5/2020,7372.5,7376.8,7501,7345.6,628.14K,-0.06%
BTC,1/4/2020,7376.8,7345.1,7433.1,7291.4,523.91K,0.46%
BTC,1/3/2020,7343.1,6967.1,7402.9,6884.1,936.29K,5.40%
BTC,1/2/2020,6967,7199.7,7209.6,6901.4,632.78K,-3.23%
BTC,1/1/2020,7199.8,7196.4,7259.4,7180,420.28K,0.05%
